0,dianna.spinka@hotmail.com,Harber,mastercard,6293,CHF,PROGRAMMER,New Brianneton,Croatia,1212-1221-1121-1234
0,aisha.mccullough@gmail.com,Lueilwitz,visa,3628,EUR,LEADER,Bridgetburgh,Portugal,1211-1221-1234-2201
0,ally.beatty@hotmail.com,Schmidt,solo,830,EUR,DBA,Krismouth,San Marino,1212-1221-1121-1234
0,ike.kulas@gmail.com,Nolan,mastercard,1897,CHF,PROGRAMMER,North Dillanville,Poland,1211-1221-1234-2201
0,brennan.jones@hotmail.com,Ondricka,dankort,2406,USD,PROGRAMMER,Lake Albertha,Burkina Faso,1234-2121-1221-1211
0,carlie.upton@gmail.com,Hills,visa,1159,PLN,PROGRAMMER,Port Devon,Hungary,1212-1221-1121-1234
0,cordia.carroll@hotmail.com,Olson,solo,4629,USD,DBA,New Raleigh,Syrian Arab Republic,1228-1221-1221-1431
0,amani.mante@yahoo.com,Oberbrunner,solo,9479,PLN,DBA,Murphyside,Gibraltar,1212-1221-1121-1234
0,samir.ritchie@hotmail.com,Schumm,solo,6496,PLN,DBA,Bryonbury,Croatia,1228-1221-1221-1431
0,berenice.grimes@yahoo.com,Lowe,discover,8421,PLN,DEVOPS,Skilesmouth,Panama,1228-1221-1221-1431
0,claud.conn@gmail.com,Flatley,solo,503,PLN,PROGRAMMER,Lake Lempiview,Gabon,1212-1221-1121-1234
0,stacy.fay@gmail.com,Volkman,diners_club,4615,EUR,DBA,Dooleyview,Cocos (Keeling) Islands,1234-2121-1221-1211
0,nathen.toy@yahoo.com,Kerluke,maestro,8510,PLN,DEVOPS,East Laurettaton,Jamaica,1228-1221-1221-1431
0,rosetta.blick@gmail.com,King,forbrugsforeningen,6855,USD,LEADER,North Rockyville,Montenegro,1234-2121-1221-1211
0,emery.dietrich@gmail.com,Wisoky,mastercard,9506,PLN,MANAGER,Whitefurt,Eritrea,1234-2121-1221-1211
0,zoila.kessler@gmail.com,Bayer,solo,1830,USD,DBA,Lake Destineymouth,Armenia,1234-2121-1221-1211
0,arturo.leuschke@hotmail.com,Weimann,jcb,6927,PLN,MANAGER,Audraview,Ghana,1228-1221-1221-1431
0,norma.o'conner@hotmail.com,Legros,visa,4824,PLN,DBA,Nellemouth,Gabon,1212-1221-1121-1234
0,cordia.goyette@gmail.com,Thompson,jcb,4198,PLN,LEADER,Lefflerstad,Guadeloupe,1212-1221-1121-1234
0,jamal.kovacek@hotmail.com,Heathcote,diners_club,8078,PLN,DEVOPS,Moenberg,Palestinian Territory,1211-1221-1234-2201
0,virgie.altenwerth@yahoo.com,Blanda,diners_club,4408,CHF,DEVOPS,New Lilian,Kazakhstan,1228-1221-1221-1431
0,rhiannon.brown@hotmail.com,Hackett,forbrugsforeningen,4251,PLN,DEVOPS,South Virgilmouth,Bermuda,1211-1221-1234-2201
0,deron.haley@yahoo.com,Abernathy,diners_club,1224,CHF,PROGRAMMER,West Alessandrostad,Ukraine,1211-1221-1234-2201
0,archibald.o'kon@gmail.com,Barton,discover,1951,CHF,LEADER,New Matilde,Monaco,1228-1221-1221-1431
0,arielle.johnson@yahoo.com,Ortiz,jcb,4651,CHF,PROGRAMMER,New Patsyhaven,Saudi Arabia,1234-2121-1221-1211
0,retta.hahn@yahoo.com,Schneider,mastercard,4734,CHF,LEADER,New Colten,United Arab Emirates,1228-1221-1221-1431
0,laurence.deckow@hotmail.com,Watsica,american_express,8950,USD,DEVOPS,Larkinborough,Georgia,1228-1221-1221-1431
0,okey.bergstrom@gmail.com,Zemlak,mastercard,793,PLN,PROGRAMMER,Morganfurt,Nauru,1212-1221-1121-1234
0,hertha.bernier@yahoo.com,Hills,forbrugsforeningen,8681,CHF,PROGRAMMER,Lake Orionview,Bahrain,1212-1221-1121-1234
0,rodolfo.schaden@gmail.com,Blanda,maestro,778,EUR,LEADER,Cletashire,Nauru,1228-1221-1221-1431
,marlon.rolfson@yahoo.com,Bergnaum,diners_club,3881,EUR,DEVOPS,Budport,San Marino,1211-1221-1234-2201
,harvey.bernhard@hotmail.com,Gleason,american_express,8790,EUR,LEADER,Konopelskifurt,Austria,1212-1221-1121-1234
,christ.sawayn@hotmail.com,Koelpin,solo,1679,USD,DBA,West Soledad,Tunisia,1228-1221-1221-1431
,nyasia.steuber@hotmail.com,Strosin,forbrugsforeningen,9346,EUR,LEADER,Port Alysson,Albania,1211-1221-1234-2201
,berenice.wehner@hotmail.com,Moore,maestro,3220,PLN,LEADER,East Everardoside,Moldova,1234-2121-1221-1211
,angus.cronin@yahoo.com,Bednar,american_express,4215,USD,PROGRAMMER,Rauland,Sri Lanka,1212-1221-1121-1234
,stephan.altenwerth@hotmail.com,Schneider,switch,3923,PLN,LEADER,Lehnerchester,Palestinian Territory,1234-2121-1221-1211
,kiley.mann@hotmail.com,Kub,switch,9020,USD,DBA,North Celestine,Bangladesh,1234-2121-1221-1211
,talia.torp@gmail.com,Gulgowski,diners_club,9808,PLN,LEADER,South Coopermouth,Aruba,1211-1221-1234-2201
,linnea.wintheiser@yahoo.com,Ortiz,laser,5860,EUR,PROGRAMMER,Taniabury,France,1228-1221-1221-1431
10,wilton.sawayn@hotmail.com,Weissnat,forbrugsforeningen,4043,CHF,DEVOPS,Wilberberg,Solomon Islands,1211-1221-1234-2201
